seed,model_mae_reactivity,model_mae_Mg_pH10,model_mae_Mg_50C,degscore_mae_Mg_pH10,degscore_mae_Mg_50C
0,5.407300691409824,8.631808793510992,8.375891267298924,8.033109947853989,8.28852835940634
1,5.350256644063584,9.069294145127353,8.908665424132394,8.033109947853989,8.28852835940634
2,5.266319038691638,8.777937931839032,7.924816706213433,8.033109947853989,8.28852835940634
