{
  "model_mae_reactivity_mean": 5.493507069857858,
  "model_mae_reactivity_std": 0.05879763893558134,
  "model_mae_Mg_pH10_mean": 8.565437574494881,
  "model_mae_Mg_pH10_std": 0.03668432151640855,
  "model_mae_Mg_50C_mean": 8.167107632465466,
  "model_mae_Mg_50C_std": 0.1543281544354065,
  "degscore_mae_Mg_pH10_mean": 8.033109947853989,
  "degscore_mae_Mg_pH10_std": 0.0,
  "degscore_mae_Mg_50C_mean": 8.28852835940634,
  "degscore_mae_Mg_50C_std": 0.0
}